Area,Item,2000,2010,2015,2020
Afghanistan,All sectors with LULUCF,-1474.803,8751.9016,7937.7809,9592.6574
Afghanistan,All sectors without LULUCF,914.0,8630.0,8184.0,9438.0
Albania,All sectors with LULUCF,3344.0616,3806.9481,4040.6095,5026.4672
Albania,All sectors without LULUCF,3160.67,4930.46,4892.6,5272.85
Algeria,All sectors with LULUCF,92645.083,118196.1917,166276.544,175699.32
Algeria,All sectors without LULUCF,92071.29,120601.69,166901.96,175502.2
American Samoa,All sectors with LULUCF,-50.9378,-39.4,-35.8948,-41.1479
Andorra,All sectors with LULUCF,548.08,542.03,487.63,447.6
Andorra,All sectors without LULUCF,548.08,542.03,487.63,447.6
Angola,All sectors with LULUCF,26917.6707,58935.1133,64591.0071,62374.852
Angola,All sectors without LULUCF,16725.0,23433.0,29090.0,26890.0
Anguilla,All sectors with LULUCF,88.0,151.0,154.0,134.0
Anguilla,All sectors without LULUCF,88.0,151.0,154.0,134.0
Antigua and Barbuda,All sectors with LULUCF,295.52,458.24,483.16,472.23
Antigua and Barbuda,All sectors without LULUCF,295.52,458.24,483.16,472.23
Argentina,All sectors with LULUCF,192303.8578,288819.2697,267179.3126,204717.6459
Argentina,All sectors without LULUCF,145728.95,191740.1,199361.0,172751.7
Armenia,All sectors with LULUCF,3759.5921,4513.1818,5122.7903,6425.0668
Armenia,All sectors without LULUCF,3629.0,4390.0,5201.0,6389.0
Aruba,All sectors with LULUCF,2383.3016,2514.2577,902.9935,877.7778
Aruba,All sectors without LULUCF,2383.3,2514.35,903.05,877.9
Australia,All sectors with LULUCF,391068.7309,435616.5114,350697.9847,359523.4515
Australia,All sectors without LULUCF,340302.5,405903.9,379804.5,356995.03
Austria,All sectors with LULUCF,52566.9879,65106.9235,57505.0431,52673.5238
Austria,All sectors without LULUCF,65861.1,71080.193,64380.193,59600.193
Azerbaijan,All sectors with LULUCF,41885.1119,28415.3253,32451.65,34303.9779
Azerbaijan,All sectors without LULUCF,43464.0,30230.0,35300.0,36220.0
Bahamas,All sectors with LULUCF,1962.075,2404.222,2053.185,1863.25
Bahamas,All sectors without LULUCF,1962.075,2404.222,2053.185,1863.25
Bahrain,All sectors with LULUCF,21078.1374,31717.7289,35207.1053,27137.1111
Bahrain,All sectors without LULUCF,21080.0,31720.0,35210.0,27140.0
Bangladesh,All sectors with LULUCF,47341.0335,74078.4406,92586.2258,111741.2199
Bangladesh,All sectors without LULUCF,29570.0,55910.0,74970.0,94200.0
Barbados,All sectors with LULUCF,1163.0234,1469.6157,1279.5525,1118.2672
Barbados,All sectors without LULUCF,1163.0,1471.0,1280.4,1120.1
Belarus,All sectors with LULUCF,45379.8065,60893.4354,65886.1137,61103.6775
Belarus,All sectors without LULUCF,57386.5,65691.8,61986.3,62697.3
Belgium,All sectors with LULUCF,116234.3424,113538.1361,100820.8774,91085.8171
Belgium,All sectors without LULUCF,120202.3,116511.96,103141.7,90883.32
Belgium-Luxembourg,All sectors with LULUCF,,,,
Belgium-Luxembourg,All sectors without LULUCF,,,,
Belize,All sectors with LULUCF,6882.5556,3756.3512,6081.2921,5761.9301
Belize,All sectors without LULUCF,398.3,538.97,644.94,557.0
Benin,All sectors with LULUCF,16502.9377,15442.5913,16354.6483,18090.7023
Benin,All sectors without LULUCF,1508.471,4732.258,5644.315,7380.369
Bermuda,All sectors with LULUCF,0.0,0.0,0.0,0.0
Bhutan,All sectors with LULUCF,-6150.6322,-5766.2979,71.1333,669.8018
Bhutan,All sectors without LULUCF,459.0,844.0,1388.0,1988.0
Bolivia (Plurinational State of),All sectors with LULUCF,87443.6748,71815.5156,79320.8175,87024.416
Bolivia (Plurinational State of),All sectors without LULUCF,11129.57,14922.01,19542.24,19642.46
Bosnia and Herzegovina,All sectors with LULUCF,17347.5079,22683.6949,15666.2814,20231.6246
Bosnia and Herzegovina,All sectors without LULUCF,14023.44,22270.49,19316.67,21911.96
Botswana,All sectors with LULUCF,44899.1357,45679.4927,46564.6281,47591.9791
Botswana,All sectors without LULUCF,3829.7,4573.0,5470.6,6448.4
Brazil,All sectors with LULUCF,1385677.181,1540143.087,783827.8335,837864.5194
Brazil,All sectors without LULUCF,347025.0,438862.0,521679.0,453396.0
British Virgin Islands,All sectors with LULUCF,125.496,198.691,213.675,158.738
British Virgin Islands,All sectors without LULUCF,125.496,198.691,213.675,158.738
Brunei Darussalam,All sectors with LULUCF,5417.838,9101.3082,7272.1318,10719.6565
Brunei Darussalam,All sectors without LULUCF,4194.36,7938.57,6989.05,10419.9
Bulgaria,All sectors with LULUCF,25155.9263,22212.3417,35064.0453,2934.9677
Bulgaria,All sectors without LULUCF,46996.3,45847.51,47255.7,36816.35
Burkina Faso,All sectors with LULUCF,13347.06,18571.0067,9685.2033,28731.726
Burkina Faso,All sectors without LULUCF,1086.9,2120.14,3816.19,4630.286
Burundi,All sectors with LULUCF,5504.0109,3449.9025,-1380.8289,3582.7346
Burundi,All sectors without LULUCF,295.9,324.1,437.5,552.8
Cabo Verde,All sectors with LULUCF,-292.7809,496.98,431.36,703.88
Cabo Verde,All sectors without LULUCF,217.71,559.9,494.28,766.8
Cambodia,All sectors with LULUCF,6186.8523,8720.349,73533.9582,46497.866
Cambodia,All sectors without LULUCF,2017.57,5147.61,8610.6,17492.3
Cameroon,All sectors with LULUCF,58436.3006,49808.5433,43460.0545,43177.3318
Cameroon,All sectors without LULUCF,5953.0,8862.0,10232.0,9920.0
Canada,All sectors with LULUCF,642287.9526,862864.3627,727150.6157,599934.0226
Canada,All sectors without LULUCF,558790.0,543755.0,574037.0,546321.0
Cayman Islands,All sectors with LULUCF,4.5493,1.9305,-1.7112,-3.7005
Central African Republic,All sectors with LULUCF,14236.0646,14238.6775,14273.262,14288.7702
Central African Republic,All sectors without LULUCF,286.9,285.2,314.5,315.1
Chad,All sectors with LULUCF,8148.8277,17830.6557,27128.4467,24924.3687
Chad,All sectors without LULUCF,522.7,1155.4,1231.0,1591.0
Channel Islands,All sectors with LULUCF,0.0,0.0,0.0,0.0
Chile,All sectors with LULUCF,43552.8875,36980.1293,1603.5853,19846.5716
Chile,All sectors without LULUCF,60300.0164,72460.0491,82350.0506,77080.0594
China,All sectors with LULUCF,3492459.564,8981484.344,10014817.24,10867491.08
China,All sectors without LULUCF,3839649.997,9311518.108,10722793.6,11515339.48
"China, Hong Kong SAR",All sectors with LULUCF,40607.31,40273.2,42636.6,29605.3
"China, Hong Kong SAR",All sectors without LULUCF,40607.31,40273.2,42636.6,29605.3
"China, Macao SAR",All sectors with LULUCF,1679.787,1236.008,2035.797,2371.884
"China, Macao SAR",All sectors without LULUCF,1679.787,1236.008,2035.797,2371.884
"China, mainland",All sectors with LULUCF,3217711.567,8658526.236,9693443.643,10564611.6
"China, mainland",All sectors without LULUCF,3564902.0,8988560.0,10401420.0,11212460.0
"China, Taiwan Province of",All sectors with LULUCF,232460.9,281448.9,276701.2,270902.3
"China, Taiwan Province of",All sectors without LULUCF,232460.9,281448.9,276701.2,270902.3
Colombia,All sectors with LULUCF,149967.179,158369.9047,144235.7541,172185.1764
Colombia,All sectors without LULUCF,57483.3,77966.0,87867.2,89308.4
Comoros,All sectors with LULUCF,164.7556,223.3056,231.4456,288.7556
Comoros,All sectors without LULUCF,104.9,163.45,171.59,228.9
Congo,All sectors with LULUCF,12995.1112,13773.069,14543.5823,14745.7136
Congo,All sectors without LULUCF,4602.3026,5427.5039,5818.0051,5061.0057
Cook Islands,All sectors with LULUCF,26.5887,47.7427,59.6417,76.8934
Cook Islands,All sectors without LULUCF,47.7977,51.3672,62.3988,80.007
Costa Rica,All sectors with LULUCF,7874.0288,7068.4177,150.5022,803.7714
Costa Rica,All sectors without LULUCF,5471.0,7591.0,7492.0,8177.0
C?e d'Ivoire,All sectors with LULUCF,66895.8534,32550.5835,35941.029,39102.5454
C?e d'Ivoire,All sectors without LULUCF,6869.0,6579.0,9954.0,13109.0
Croatia,All sectors with LULUCF,19616.0603,20876.9739,17409.0245,13243.4229
Croatia,All sectors without LULUCF,20474.0,21710.0298,18910.0298,17590.0
Cuba,All sectors with LULUCF,16025.134,24336.7127,16924.6653,20796.282
Cuba,All sectors without LULUCF,26850.333,34590.469,29634.476,23845.482
Cyprus,All sectors with LULUCF,7001.4654,7367.4437,6336.8072,5926.2889
Cyprus,All sectors without LULUCF,7071.0,7631.0,6654.0,6175.0
Czechia,All sectors with LULUCF,119395.401,110067.1931,100287.1088,83554.9551
Czechia,All sectors without LULUCF,128687.1,116871.5,103777.9,89225.7
Czechoslovakia,All sectors with LULUCF,,,,
Czechoslovakia,All sectors without LULUCF,,,,
Democratic People's Republic of Korea,All sectors with LULUCF,77191.6177,52915.0965,29985.5687,29490.1232
Democratic People's Republic of Korea,All sectors without LULUCF,70778.93,51160.0,26720.5,26130.8
Democratic Republic of the Congo,All sectors with LULUCF,369516.9326,370532.5483,604726.8206,604668.4182
Democratic Republic of the Congo,All sectors without LULUCF,1931.0,2952.0,3472.0,3420.0
Denmark,All sectors with LULUCF,55293.3111,48834.3864,31836.7654,26511.632
Denmark,All sectors without LULUCF,53743.38,47633.81,32573.88,24453.72
Djibouti,All sectors with LULUCF,369.28,519.73,435.1,371.8059
Djibouti,All sectors without LULUCF,369.28,519.73,435.1,371.8
Dominica,All sectors with LULUCF,188.1922,172.5816,174.1702,137.0738
Dominica,All sectors without LULUCF,133.1,183.1,180.61,151.0
Dominican Republic,All sectors with LULUCF,12351.849,18732.8525,22395.008,21573.137
Dominican Republic,All sectors without LULUCF,19620.264,20670.365,23570.413,23130.462
Ecuador,All sectors with LULUCF,58237.2593,65792.9011,59213.7256,61197.9177
Ecuador,All sectors without LULUCF,21683.07,37253.77,42194.12,35074.48
Egypt,All sectors with LULUCF,147190.9331,211629.4919,233815.5412,243283.2477
Egypt,All sectors without LULUCF,147600.147,211800.352,232900.39,243100.43
El Salvador,All sectors with LULUCF,6818.08,7502.08,7899.08,7805.08
El Salvador,All sectors without LULUCF,5737.0,6421.0,6818.0,6724.0
Equatorial Guinea,All sectors with LULUCF,6593.5145,12483.9045,10804.3629,11142.9378
Equatorial Guinea,All sectors without LULUCF,2762.61,8653.0,6973.0,7310.0
Eritrea,All sectors with LULUCF,1045.6496,962.2148,1042.356,1125.8724
Eritrea,All sectors without LULUCF,608.8,501.5,658.1,676.0
Estonia,All sectors with LULUCF,18064.6878,22347.9082,16939.2125,20623.2594
Estonia,All sectors without LULUCF,17072.01,20989.22,20408.343,15987.326
Eswatini,All sectors with LULUCF,1084.1952,894.7812,851.0815,771.1469
Eswatini,All sectors without LULUCF,1214.16,1024.38,984.78,899.08
Ethiopia,All sectors with LULUCF,28713.1046,36369.8906,43156.7286,45997.1036
Ethiopia,All sectors without LULUCF,3529.618,6425.926,12801.15,15521.37
Ethiopia PDR,All sectors with LULUCF,,,,
Ethiopia PDR,All sectors without LULUCF,,,,
Falkland Islands (Malvinas),All sectors with LULUCF,5525.9228,5513.1332,5514.1447,5513.6247
Faroe Islands,All sectors with LULUCF,235.8299,235.8098,235.769,236.2762
Fiji,All sectors with LULUCF,-1727.8504,-1425.9234,-516.0108,30.5532
Fiji,All sectors without LULUCF,839.9,1148.63,2060.5,2601.3
Finland,All sectors with LULUCF,28851.6491,55797.4691,-2864.4306,50915.57
Finland,All sectors without LULUCF,53810.0,64400.0,45410.0,36960.0
France,All sectors with LULUCF,367617.3658,318655.6151,281662.5046,220304.6317
France,All sectors without LULUCF,392000.0,384590.0,342210.0,281750.0
French Guyana,All sectors with LULUCF,3566.3072,3379.5455,2603.5436,2711.3962
French Polynesia,All sectors with LULUCF,-116.7509,-27.9663,0.0,0.0
Gabon,All sectors with LULUCF,9895.2755,8895.5444,12926.9769,11620.2058
Gabon,All sectors without LULUCF,6418.156,5899.225,6670.273,5353.315
Gambia,All sectors with LULUCF,810.3371,966.5271,1058.8351,1205.6191
Gambia,All sectors without LULUCF,282.71,438.9,531.3,677.9
Georgia,All sectors with LULUCF,-12569.5508,3607.841,10540.0,9650.0
Georgia,All sectors without LULUCF,5698.0,7124.2,10540.0,9650.0
Germany,All sectors with LULUCF,837526.9386,793988.1195,749068.4079,592188.1812
Germany,All sectors without LULUCF,870492.0,794375.0,760367.0,603759.0
Ghana,All sectors with LULUCF,16331.4426,55738.9256,45970.4961,-5088.1732
Ghana,All sectors without LULUCF,6470.0,9915.0,16590.0,19860.0
Gibraltar,All sectors with LULUCF,0.0,0.0,0.0,0.0
Greece,All sectors with LULUCF,91111.2861,83926.5309,68903.1388,53447.3619
Greece,All sectors without LULUCF,92160.139,85134.53,67623.63,52182.03
Greenland,All sectors with LULUCF,-0.1356,-0.0219,-0.0992,-0.0926
Grenada,All sectors with LULUCF,191.921,261.15,261.1,267.13
Grenada,All sectors without LULUCF,191.921,261.15,261.1,267.13
Guadeloupe,All sectors with LULUCF,66.66,53.328,-99.2493,44.44
Guam,All sectors with LULUCF,0.0,0.0,0.0,-158.4
Guatemala,All sectors with LULUCF,25976.2987,24916.9296,23332.6016,17349.9627
Guatemala,All sectors without LULUCF,9852.0,11200.0,15620.0,14080.0
Guinea,All sectors with LULUCF,12017.5214,13365.5078,13372.2702,15528.7948
Guinea,All sectors without LULUCF,1532.9,2543.0,2504.5,3577.4
Guinea-Bissau,All sectors with LULUCF,1640.4985,1733.3685,1774.5225,1875.42
Guinea-Bissau,All sectors without LULUCF,153.36,246.23,287.56,389.98
Guyana,All sectors with LULUCF,8577.426,9765.0069,17522.6557,15209.111
Guyana,All sectors without LULUCF,1753.853,1894.859,2014.222,2357.127
Haiti,All sectors with LULUCF,1432.172,2192.389,3874.3913,3738.634
Haiti,All sectors without LULUCF,1362.5,2123.0,3223.0,3104.0
Holy See,All sectors with LULUCF,6.3321,5.7022,4.7139,3.7784
Holy See,All sectors without LULUCF,6.3321,5.7022,4.7139,3.7784
Honduras,All sectors with LULUCF,10559.0368,13409.9944,16162.0668,15147.6634
Honduras,All sectors without LULUCF,5024.9,8053.1,10264.2,9623.3
Hungary,All sectors with LULUCF,60037.8515,55506.5312,48753.1787,51391.6467
Hungary,All sectors without LULUCF,58509.7,53310.0,47481.5,49594.0
Iceland,All sectors with LULUCF,3658.0767,4499.444,4364.2966,3618.043
Iceland,All sectors without LULUCF,2947.37,3831.68,3751.66,3001.7
India,All sectors with LULUCF,856192.41,1770853.978,2328036.609,2465565.037
India,All sectors without LULUCF,1078600.0,1767200.0,2394200.0,2501200.0
Indonesia,All sectors with LULUCF,738925.3458,735213.8296,1531308.554,1082894.641
Indonesia,All sectors without LULUCF,285294.3,447129.0,519146.0,592363.0
Iran (Islamic Republic of),All sectors with LULUCF,353485.3141,544030.2751,654700.0,781755.6754
Iran (Islamic Republic of),All sectors without LULUCF,373900.0,588300.0,654700.0,781700.0
Iraq,All sectors with LULUCF,79402.6247,112438.2963,169974.7,213296.1
Iraq,All sectors without LULUCF,79540.0,112490.0,169890.0,212800.0
Ireland,All sectors with LULUCF,50520.0126,48504.9415,44433.1213,38365.183
Ireland,All sectors without LULUCF,42893.5,40720.5,36794.6,31399.66
Isle of Man,All sectors with LULUCF,20.433,20.3239,20.3625,20.4361
Israel,All sectors with LULUCF,61995.756,71352.784,69034.988,64361.7667
Israel,All sectors without LULUCF,62020.0,71360.0,69080.0,64280.0
Italy,All sectors with LULUCF,428131.8222,380457.398,308491.9369,274213.2477
Italy,All sectors without LULUCF,462744.0,415262.0,343248.0,287134.0
Jamaica,All sectors with LULUCF,10717.1665,5310.5145,8243.0532,7599.5237
Jamaica,All sectors without LULUCF,10301.0,7753.0,8022.8,7455.2
Japan,All sectors with LULUCF,1208090.625,1142273.719,1169964.486,1004220.297
Japan,All sectors without LULUCF,1283620.0,1240120.0,1219430.0,1036020.0
Jordan,All sectors with LULUCF,15350.0,20680.0,25350.0,18810.0
Jordan,All sectors without LULUCF,15350.0,20680.0,25350.0,18810.0
Kazakhstan,All sectors with LULUCF,127687.3455,258184.8463,230295.667,267041.4375
Kazakhstan,All sectors without LULUCF,128510.0,259698.48,240156.46,270025.3
Kenya,All sectors with LULUCF,6257.4558,27217.3444,24972.9575,8398.9284
Kenya,All sectors without LULUCF,10552.689,12050.871,16631.08,15971.26
Kiribati,All sectors with LULUCF,33.53,59.311,62.943,76.394
Kiribati,All sectors without LULUCF,33.53,59.311,62.943,76.394
Kuwait,All sectors with LULUCF,55750.9513,93267.0014,101019.7799,106257.0232
Kuwait,All sectors without LULUCF,55770.0,93290.0,101030.0,106260.0
Kyrgyzstan,All sectors with LULUCF,3750.1337,6502.7365,9718.4619,7416.1619
Kyrgyzstan,All sectors without LULUCF,4773.0,6512.0,10458.0,10683.0
Lao People's Democratic Republic,All sectors with LULUCF,11483.9647,15211.7545,17951.345,30453.245
Lao People's Democratic Republic,All sectors without LULUCF,980.6,3037.4,9282.3,21784.2
Latvia,All sectors with LULUCF,-2894.8718,-2173.5058,15265.6662,6643.3391
Latvia,All sectors without LULUCF,7132.19,8746.341,15050.18,6548.0388
Lebanon,All sectors with LULUCF,15503.2152,19997.289,25734.0669,17861.4869
Lebanon,All sectors without LULUCF,15490.284,19990.117,25810.0053,17940.0
Lesotho,All sectors with LULUCF,1855.61,2285.95,2336.29,2296.66
Lesotho,All sectors without LULUCF,1855.61,2285.95,2336.29,2296.66
Liberia,All sectors with LULUCF,13831.5115,14189.8273,14636.0579,14849.7467
Liberia,All sectors without LULUCF,437.7,780.2,1226.0,1443.0
Libya,All sectors with LULUCF,49660.0,64240.0,49290.0,42970.0
Libya,All sectors without LULUCF,49660.0,64240.0,49290.0,42970.0
Liechtenstein,All sectors with LULUCF,219.8424,197.0117,148.6636,130.6201
Liechtenstein,All sectors without LULUCF,197.277,167.7868,148.743,130.6201
Lithuania,All sectors with LULUCF,18217.2145,19542.0308,14342.6439,19703.4922
Lithuania,All sectors without LULUCF,12531.2,14471.29,15415.97,15361.85
Luxembourg,All sectors with LULUCF,8027.8523,10407.7023,8931.1355,7853.8019
Luxembourg,All sectors without LULUCF,8578.0,10922.0,9169.0,8129.0
Madagascar,All sectors with LULUCF,29820.5883,23009.407,12599.2152,12712.5603
Madagascar,All sectors without LULUCF,1913.5,2008.0,3558.0,3653.0
Malawi,All sectors with LULUCF,8827.1236,9019.6577,9028.5536,9223.0626
Malawi,All sectors without LULUCF,899.7,1066.0,1110.0,1316.0
Malaysia,All sectors with LULUCF,233453.1876,319234.8882,130852.158,327429.1302
Malaysia,All sectors without LULUCF,130041.7,212857.8,250566.2,262274.2
Maldives,All sectors with LULUCF,454.31,939.25,1305.9,1667.71
Maldives,All sectors without LULUCF,454.31,939.25,1305.9,1667.71
Mali,All sectors with LULUCF,893.67,2061.78,3181.56,3892.22
Mali,All sectors without LULUCF,893.67,2061.78,3181.56,3892.22
Malta,All sectors with LULUCF,2152.5072,2606.2045,1677.2661,2212.9852
Malta,All sectors without LULUCF,2152.63,2606.654,1677.571,2217.52
Marshall Islands,All sectors with LULUCF,99.0,136.0,143.0,168.0
Marshall Islands,All sectors without LULUCF,99.0,136.0,143.0,168.0
Martinique,All sectors with LULUCF,-59.4,-102.3,-132.0,-132.0
Mauritania,All sectors with LULUCF,1522.4049,2424.0075,3391.7248,2566.212
Mauritania,All sectors without LULUCF,1124.28,2028.13,2996.1,3648.7
Mauritius,All sectors with LULUCF,2676.5485,4014.9151,4229.9799,4770.3274
Mauritius,All sectors without LULUCF,2699.4858,3930.352,4224.852,4795.352
Mayotte,All sectors with LULUCF,64.1074,24.5241,9.3714,13.297
Mexico,All sectors with LULUCF,448347.905,434538.1912,513897.0384,405922.7793
Mexico,All sectors without LULUCF,426036.4,501269.0,500047.0,391475.0
Micronesia (Federated States of),All sectors with LULUCF,98.8776,73.4269,113.6882,129.0673
Micronesia (Federated States of),All sectors without LULUCF,128.0,103.0,143.0,164.0
Monaco,All sectors with LULUCF,114.725,93.77,92.97,76.31
Monaco,All sectors without LULUCF,114.725,93.77,92.97,76.31
Mongolia,All sectors with LULUCF,31111.2522,37702.4498,46260.8312,62366.3849
Mongolia,All sectors without LULUCF,7516.81,14096.791,23506.828,39912.895
Montenegro,All sectors with LULUCF,,-1571.8386,2390.2944,2293.2539
Montenegro,All sectors without LULUCF,,2552.159,2355.401,2274.68
Montserrat,All sectors with LULUCF,22.5151,-0.5493,-0.3363,-0.7273
Morocco,All sectors with LULUCF,28565.6862,50076.1562,57349.5305,61170.8012
Morocco,All sectors without LULUCF,33460.0,54600.0,58790.0,63110.0
Mozambique,All sectors with LULUCF,49834.66,52527.666,52940.6786,61897.5534
Mozambique,All sectors without LULUCF,1478.0,3600.0,7360.0,9070.0
Myanmar,All sectors with LULUCF,148447.4023,136133.8135,128614.972,131409.3332
Myanmar,All sectors without LULUCF,10541.6,13501.9,22605.0,29463.9
Namibia,All sectors with LULUCF,12210.4157,13741.1274,14458.8193,14586.6538
Namibia,All sectors without LULUCF,1650.25,3180.5,3898.4,4024.86
Nauru,All sectors with LULUCF,84.683,44.452,55.467,55.087
Nauru,All sectors without LULUCF,84.683,44.452,55.467,55.087
Nepal,All sectors with LULUCF,1267.3755,206.3861,9289.2723,16921.3214
Nepal,All sectors without LULUCF,3106.0,4920.0,6830.0,14550.0
Netherlands,All sectors with LULUCF,195276.1813,206224.979,185869.1523,161749.416
Netherlands,All sectors without LULUCF,188412.2,199812.9,179213.1,155113.6
Netherlands Antilles (former),All sectors with LULUCF,5659.6014,4616.6187,7380.0502,5934.5924
Netherlands Antilles (former),All sectors without LULUCF,5659.6,4616.7,7380.1,5934.7
New Caledonia,All sectors with LULUCF,-207.8877,-36.1947,30.9357,30.9357
New Zealand,All sectors with LULUCF,11631.139,12642.5887,22932.6293,23857.7889
New Zealand,All sectors without LULUCF,36223.16,34162.6,38332.4,33162.15
Nicaragua,All sectors with LULUCF,23244.7479,28107.5408,16256.5035,24474.3469
Nicaragua,All sectors without LULUCF,3752.0,4509.0,5302.0,4990.0
Niger,All sectors with LULUCF,6450.4635,2462.9455,3410.6362,3869.1022
Niger,All sectors without LULUCF,779.8,1231.6,2180.9,2625.0
Nigeria,All sectors with LULUCF,126822.6758,163492.9575,158192.9575,194591.2677
Nigeria,All sectors without LULUCF,80830.0,117500.0,112200.0,148600.0
Niue,All sectors with LULUCF,9.5783,5.0606,5.0123,6.2307
Niue,All sectors without LULUCF,7.33,3.67,7.33,8.41
Norfolk Island,All sectors with LULUCF,-0.07,-0.1971,0.4703,0.1275
North Macedonia,All sectors with LULUCF,12303.1,9037.1,7527.3,7122.7
North Macedonia,All sectors without LULUCF,12303.1,9037.1,7527.3,7122.7
Northern Mariana Islands,All sectors with LULUCF,143.3228,143.3466,183.5532,970.5256
Norway,All sectors with LULUCF,36503.7477,38244.3136,39212.5935,37157.913
Norway,All sectors without LULUCF,47590.143,56980.138,54020.196,51940.179
Oman,All sectors with LULUCF,22327.0,51710.0,72100.0,77919.107
Oman,All sectors without LULUCF,22327.0,51710.0,72100.0,77900.0
Pacific Islands Trust Territory,All sectors with LULUCF,,,,
Pacific Islands Trust Territory,All sectors without LULUCF,,,,
Pakistan,All sectors with LULUCF,117276.7602,167665.3035,181853.1763,269895.417
Pakistan,All sectors without LULUCF,109230.0,160600.0,176400.0,262900.0
Palau,All sectors with LULUCF,216.2,212.3,224.951,265.396
Palau,All sectors without LULUCF,216.2,212.3,224.951,265.396
Palestine,All sectors with LULUCF,0.0,0.0,0.0,0.0
Panama,All sectors with LULUCF,11574.3413,13332.6953,15021.352,14457.1264
Panama,All sectors without LULUCF,5749.0,9104.0,10792.0,10230.0
Papua New Guinea,All sectors with LULUCF,29420.3363,29641.5992,38377.9069,41982.2481
Papua New Guinea,All sectors without LULUCF,3019.687,4777.423,6579.451,8754.111
Paraguay,All sectors with LULUCF,45801.2798,61526.2911,74430.6501,52516.5322
Paraguay,All sectors without LULUCF,3769.2,5223.0745,6261.0119,6549.0
Peru,All sectors with LULUCF,88826.4518,108325.0626,138643.6263,136636.9147
Peru,All sectors without LULUCF,29096.73,43487.98,49818.63,46889.27
Philippines,All sectors with LULUCF,75944.1009,86902.2549,115960.552,139605.1111
Philippines,All sectors without LULUCF,73540.0,84519.0,113531.0,137143.0
Pitcairn,All sectors with LULUCF,0.0,0.0,0.0,0.0
Poland,All sectors with LULUCF,311470.8511,270440.2184,287874.6846,274239.3329
Poland,All sectors without LULUCF,309193.0,326506.0,299445.0,291703.0
Portugal,All sectors with LULUCF,64719.407,51886.2464,50662.2574,39827.9523
Portugal,All sectors without LULUCF,63315.91,51342.1,51515.7,39580.7
Puerto Rico,All sectors with LULUCF,-1157.5904,-2204.6738,-532.2177,-2629.9635
Qatar,All sectors with LULUCF,39120.0062,79280.0202,120900.0281,107200.0365
Qatar,All sectors without LULUCF,39120.0062,79280.0202,120900.0281,107200.0365
Republic of Korea,All sectors with LULUCF,428312.3263,534950.4057,583170.6607,567331.148
Republic of Korea,All sectors without LULUCF,470750.0,595070.0,633630.0,613130.0
Republic of Moldova,All sectors with LULUCF,3541.6711,4045.3089,4549.8248,6158.7178
Republic of Moldova,All sectors without LULUCF,3776.13,4991.33,4936.31,5972.58
R?nion,All sectors with LULUCF,-79.728,-79.728,-108.24,-126.72
Romania,All sectors with LULUCF,96304.0823,81107.3899,-209168.9497,49097.1837
Romania,All sectors without LULUCF,95653.8,83843.85,75997.24,72013.3
Russian Federation,All sectors with LULUCF,1275723.51,1006014.464,1153433.521,1267161.863
Russian Federation,All sectors without LULUCF,1627300.0,1752500.0,1818200.0,1802000.0
Rwanda,All sectors with LULUCF,3040.653,2862.8828,2323.7593,2313.4009
Rwanda,All sectors without LULUCF,546.7,599.9,957.2,1053.0
"Saint Helena, Ascension and Tristan da Cunha",All sectors with LULUCF,10.7521,11.9359,11.7493,11.2755
"Saint Helena, Ascension and Tristan da Cunha",All sectors without LULUCF,11.0,11.0,11.0,11.2
Saint Kitts and Nevis,All sectors with LULUCF,172.473,220.673,235.645,231.641
Saint Kitts and Nevis,All sectors without LULUCF,172.473,220.673,235.645,231.641
Saint Lucia,All sectors with LULUCF,211.9,248.1785,215.0014,185.8876
Saint Lucia,All sectors without LULUCF,349.9029,369.301,361.2222,332.2607
Saint Pierre and Miquelon,All sectors with LULUCF,1.4311,1.4311,1.3689,1.3689
Saint Vincent and the Grenadines,All sectors with LULUCF,101.2278,221.2848,214.2448,241.2254
Saint Vincent and the Grenadines,All sectors without LULUCF,148.0548,221.2848,214.2448,241.2254
Samoa,All sectors with LULUCF,251.7861,295.0243,345.384,448.4136
Samoa,All sectors without LULUCF,144.4,188.39,236.59,341.78
San Marino,All sectors with LULUCF,222.0197,216.3907,174.3293,149.02
San Marino,All sectors without LULUCF,224.315,218.543,176.346,149.02
Sao Tome and Principe,All sectors with LULUCF,57.395,108.946,330.3274,329.4474
Sao Tome and Principe,All sectors without LULUCF,48.366,99.917,115.02,114.14
Saudi Arabia,All sectors with LULUCF,311500.0,562700.0,701300.0,613200.0
Saudi Arabia,All sectors without LULUCF,311500.0,562700.0,701300.0,613200.0
Senegal,All sectors with LULUCF,8859.2927,13768.9138,14421.4654,15929.6657
Senegal,All sectors without LULUCF,3973.0,7400.0,9950.0,11600.0
Serbia,All sectors with LULUCF,,19945.5956,50494.5951,53710.2117
Serbia,All sectors without LULUCF,,55536.22,53336.41,53796.68
Serbia and Montenegro,All sectors with LULUCF,44753.4297,,,
Serbia and Montenegro,All sectors without LULUCF,48000.793,,,
Seychelles,All sectors with LULUCF,573.92,446.38,482.85,399.17
Seychelles,All sectors without LULUCF,573.92,446.38,482.85,399.17
Sierra Leone,All sectors with LULUCF,3756.2704,3951.6704,4282.8008,4569.7792
Sierra Leone,All sectors without LULUCF,410.9,606.3,937.6,1223.9
Singapore,All sectors with LULUCF,51176.8945,63280.4567,72047.7477,46873.9369
Singapore,All sectors without LULUCF,51226.8,63334.7,72097.8,46841.3
Slovakia,All sectors with LULUCF,28679.6295,30250.4371,26075.8336,29809.4499
Slovakia,All sectors without LULUCF,38082.4,38620.3,33650.3,30842.0
Slovenia,All sectors with LULUCF,5849.5968,4521.5354,10822.2611,12511.1531
Slovenia,All sectors without LULUCF,15201.42,16033.45,13442.0,12148.59
Solomon Islands,All sectors with LULUCF,4143.3816,2030.8527,-17523.1191,45747.6743
Solomon Islands,All sectors without LULUCF,231.05,338.48,301.59,337.03
Somalia,All sectors with LULUCF,17858.6517,17998.7517,18018.8517,17977.0517
Somalia,All sectors without LULUCF,506.5,646.6,666.7,624.9
South Africa,All sectors with LULUCF,473832.0188,534316.611,516110.3816,486369.6678
South Africa,All sectors without LULUCF,467400.0,527800.0,509700.0,479700.0
South Sudan,All sectors with LULUCF,,,11509.3403,13053.1455
South Sudan,All sectors without LULUCF,,,2222.5,1644.4
Spain,All sectors with LULUCF,264162.233,264624.9544,257823.2338,202116.5238
Spain,All sectors without LULUCF,306830.0,283800.0,265720.0,216020.0
Sri Lanka,All sectors with LULUCF,14683.0821,15467.4011,20437.3258,24761.7759
Sri Lanka,All sectors without LULUCF,10204.0,13131.0,19942.0,22980.0
Sudan,All sectors with LULUCF,,,42708.4663,42013.2522
Sudan,All sectors without LULUCF,,,21190.0,21010.0
Sudan (former),All sectors with LULUCF,37263.9329,48405.8209,,
Sudan (former),All sectors without LULUCF,5930.1,16668.4,,
Suriname,All sectors with LULUCF,5562.8654,6259.7376,10853.0806,11933.7571
Suriname,All sectors without LULUCF,2241.539,2442.185,2751.894,2715.809
Svalbard and Jan Mayen Islands,All sectors with LULUCF,0.0,0.0,0.0,0.0
Sweden,All sectors with LULUCF,59386.0261,50952.883,23466.6962,30063.0494
Sweden,All sectors without LULUCF,53780.0,57797.0,41326.0,41385.0
Switzerland,All sectors with LULUCF,38542.1201,37672.2441,34191.5472,27954.7531
Switzerland,All sectors without LULUCF,39464.4,39510.2,35879.53,29688.63
Syrian Arab Republic,All sectors with LULUCF,48467.9,60717.9,28041.0714,35363.8286
Syrian Arab Republic,All sectors without LULUCF,49140.0,61390.0,28717.0,35360.0
Tajikistan,All sectors with LULUCF,2900.5716,2868.8773,5268.215,6391.3452
Tajikistan,All sectors without LULUCF,2867.0,3219.0,5670.0,6520.0
Thailand,All sectors with LULUCF,191351.2087,237749.445,300465.7472,302591.8299
Thailand,All sectors without LULUCF,180009.42,271214.0,300516.5,289818.6
Timor-Leste,All sectors with LULUCF,852.4115,791.483,1147.013,1209.77
Timor-Leste,All sectors without LULUCF,389.1795,328.251,683.781,746.538
Togo,All sectors with LULUCF,4018.9443,3576.3149,3653.973,4425.1621
Togo,All sectors without LULUCF,1354.094,2631.147,2714.18,3613.211
Tokelau,All sectors with LULUCF,0.0,0.0,0.0,0.0
Tonga,All sectors with LULUCF,95.876,117.527,121.58,181.629
Tonga,All sectors without LULUCF,95.876,117.527,121.58,181.629
Trinidad and Tobago,All sectors with LULUCF,34371.9145,64336.3541,60012.1329,44925.8828
Trinidad and Tobago,All sectors without LULUCF,34290.0,64200.0,59900.0,44800.0
Tunisia,All sectors with LULUCF,19271.8135,26741.9961,34220.4193,19994.7192
Tunisia,All sectors without LULUCF,20190.0,28050.0,30340.0,23780.0
T?kiye,All sectors with LULUCF,201389.3604,259551.7078,296928.7778,372551.2855
T?kiye,All sectors without LULUCF,218332.8,302514.5,356600.574,401201.41
Turkmenistan,All sectors with LULUCF,37979.0,58553.5443,74710.0,82680.0
Turkmenistan,All sectors without LULUCF,37979.0,58720.0,74710.0,82680.0
Turks and Caicos Islands,All sectors with LULUCF,69.76,183.254,205.23,216.317
Turks and Caicos Islands,All sectors without LULUCF,69.76,183.254,205.23,216.317
Tuvalu,All sectors with LULUCF,7.1071,7.1442,10.8501,12.4372
Tuvalu,All sectors without LULUCF,7.3419,7.3423,11.027,12.6369
Uganda,All sectors with LULUCF,15778.2919,18062.646,19029.0766,20437.3011
Uganda,All sectors without LULUCF,1441.0,3741.0,4713.0,6115.0
Ukraine,All sectors with LULUCF,332855.2872,319666.0532,213870.4192,182501.7393
Ukraine,All sectors without LULUCF,372230.1,335243.3,219109.16,185711.6
United Arab Emirates,All sectors with LULUCF,115500.0,163700.0,251000.0,179800.0
United Arab Emirates,All sectors without LULUCF,115500.0,163700.0,251000.0,179800.0
United Kingdom of Great Britain and Northern Ireland,All sectors with LULUCF,568903.5031,520620.5039,436839.8595,317564.7895
United Kingdom of Great Britain and Northern Ireland,All sectors without LULUCF,557475.0,507780.6,422364.3,304766.1
United Republic of Tanzania,All sectors with LULUCF,54336.0399,58611.5652,62307.1556,77632.0378
United Republic of Tanzania,All sectors without LULUCF,2690.0,7060.0,10780.0,13950.0
United States of America,All sectors with LULUCF,5482059.524,5142875.185,4878561.983,4334269.995
United States of America,All sectors without LULUCF,5890730.0,5534730.0,5287730.0,4555730.0
United States Virgin Islands,All sectors with LULUCF,24.4295,-46.6145,-42.3705,-165.4599
Uruguay,All sectors with LULUCF,-7848.5679,-3551.4403,-56.0899,6307.0286
Uruguay,All sectors without LULUCF,5335.23,6371.29,6789.32,8020.36
USSR,All sectors with LULUCF,,,,
USSR,All sectors without LULUCF,,,,
Uzbekistan,All sectors with LULUCF,125526.4369,98664.7574,105016.1995,112494.5081
Uzbekistan,All sectors without LULUCF,126320.0,110270.0,108140.0,115860.0
Vanuatu,All sectors with LULUCF,86.99,124.11,135.17,163.37
Vanuatu,All sectors without LULUCF,86.99,124.11,135.17,163.37
Venezuela (Bolivarian Republic of),All sectors with LULUCF,297676.3314,279048.6368,274421.6345,132458.4922
Venezuela (Bolivarian Republic of),All sectors without LULUCF,153182.7,192515.1,166516.2,89977.3
Viet Nam,All sectors with LULUCF,-20067.6389,158616.5848,174230.4356,262912.4088
Viet Nam,All sectors without LULUCF,53537.02,141509.95,198041.3,276052.1
Wallis and Futuna Islands,All sectors with LULUCF,0.9611,0.9656,0.6577,0.0
Western Sahara,All sectors with LULUCF,-607.889,-318.9108,-138.5429,-104.5657
Yemen,All sectors with LULUCF,15481.0,24220.0,14136.0,16622.0
Yemen,All sectors without LULUCF,15481.0,24220.0,14136.0,16622.0
Yugoslav SFR,All sectors with LULUCF,,,,
Yugoslav SFR,All sectors without LULUCF,,,,
Zambia,All sectors with LULUCF,19972.2641,20743.1911,37821.101,39743.9226
Zambia,All sectors without LULUCF,1822.0,2607.0,4286.0,6130.0
Zimbabwe,All sectors with LULUCF,24989.5193,19320.2547,24049.9677,97216.739
Zimbabwe,All sectors without LULUCF,14588.0,8380.0,12731.0,10054.0
World,All sectors with LULUCF,27492903.74,35492530.27,37032834.16,37115174.14
World,All sectors without LULUCF,25871366.98,34110309.13,36445924.87,35942485.62
Africa,All sectors with LULUCF,1977833.779,2302606.055,2609098.709,2685797.923
Africa,All sectors without LULUCF,1016666.779,1307046.912,1405164.325,1441992.109
Eastern Africa,All sectors with LULUCF,269746.8961,295304.5013,322699.4196,417028.0497
Eastern Africa,All sectors without LULUCF,44619.9928,54070.809,84226.622,92126.952
Middle Africa,All sectors with LULUCF,506797.0925,546607.002,792784.8405,787272.0455
Middle Africa,All sectors without LULUCF,39250.0346,56767.2459,63915.7982,59974.5607
Northern Africa,All sectors with LULUCF,373989.5596,518970.746,583521.9584,585026.7745
Northern Africa,All sectors without LULUCF,348911.537,495960.442,559412.35,569472.63
Southern Africa,All sectors with LULUCF,533881.3754,596917.9623,580321.2006,551616.1077
Southern Africa,All sectors without LULUCF,475949.72,538863.83,522390.07,493369.0
Western Africa,All sectors with LULUCF,293418.8551,344805.8433,329771.2895,344854.9456
Western Africa,All sectors without LULUCF,107935.495,161384.585,175219.485,227048.966
Americas,All sectors with LULUCF,9116907.713,9296289.649,8188241.903,7279635.129
Americas,All sectors without LULUCF,7855436.058,7854899.287,7744168.34,6666004.902
Northern America,All sectors with LULUCF,6124348.772,6005740.957,5605713.869,4934205.294
Northern America,All sectors without LULUCF,6449520.0,6078485.0,5861767.0,5102051.0
Central America,All sectors with LULUCF,541276.9941,532632.2001,598800.4365,491722.66
Central America,All sectors without LULUCF,462020.6,548686.07,556980.14,445856.3
Caribbean,All sectors with LULUCF,86411.8909,125729.7106,124413.3233,107584.0709
Caribbean,All sectors without LULUCF,105166.2997,142589.7998,138276.311,114335.6361
South America,All sectors with LULUCF,2364870.056,2632186.781,1859314.274,1746123.104
South America,All sectors without LULUCF,838729.1584,1085138.418,1187144.889,1003761.965
Asia,All sectors with LULUCF,9404197.86,17116520.1,20083987.13,20978775.11
Asia,All sectors without LULUCF,9451487.687,17145796.65,19934023.42,21028271.67
Central Asia,All sectors with LULUCF,297843.4877,424774.762,425008.5433,476023.4526
Central Asia,All sectors without LULUCF,300449.0,438419.48,439134.46,485768.3
Eastern Asia,All sectors with LULUCF,5237165.385,10749326.01,11844198.79,12530899.04
Eastern Asia,All sectors without LULUCF,5672315.737,11211964.9,12626080.93,13230533.18
Southern Asia,All sectors with LULUCF,1383074.85,2576226.638,3296217.424,3682570.616
Southern Asia,All sectors without LULUCF,1606437.31,2600474.25,3337919.9,3690623.71
South-eastern Asia,All sectors with LULUCF,1443171.568,1770956.167,2553384.615,2382596.929
South-eastern Asia,All sectors without LULUCF,791772.5495,1250518.181,1502069.531,1684399.038
Western Asia,All sectors with LULUCF,1042942.57,1595236.519,1965177.765,1906685.079
Western Asia,All sectors without LULUCF,1080513.09,1644419.837,2028818.607,1936947.447
Europe,All sectors with LULUCF,5705697.436,5177079.849,4565583.51,4399950.874
Europe,All sectors without LULUCF,6313256.654,6234821.447,5743790.777,5105362.185
Eastern Europe,All sectors with LULUCF,2298544.016,1960203.373,1726625.78,2007953.534
Eastern Europe,All sectors without LULUCF,2737815.03,2823425.59,2711839.41,2626575.83
Northern Europe,All sectors with LULUCF,836759.62,807426.5085,624092.5559,551422.983
Northern Europe,All sectors without LULUCF,848974.793,823350.579,687115.129,531803.5738
Southern Europe,All sectors with LULUCF,954267.4435,863565.4663,796574.8723,686557.3027
Southern Europe,All sectors without LULUCF,1041144.829,970981.468,850234.0017,717852.1084
Western Europe,All sectors with LULUCF,1616126.356,1545884.501,1418290.302,1154017.055
Western Europe,All sectors without LULUCF,1685322.002,1617063.81,1494602.236,1229130.673
Oceania,All sectors with LULUCF,435314.5917,479668.2813,395426.8006,473526.6749
Oceania,All sectors without LULUCF,381567.4456,447378.5025,428281.8978,403366.3309
Australia and New Zealand,All sectors with LULUCF,402699.7998,448258.903,373631.0843,383381.3679
Australia and New Zealand,All sectors without LULUCF,376525.66,440066.5,418136.9,390157.18
Melanesia,All sectors with LULUCF,31714.9699,30334.4438,20504.8828,87954.7812
Melanesia,All sectors without LULUCF,4177.627,6388.643,9076.711,11855.811
Micronesia,All sectors with LULUCF,675.6134,668.8364,783.6023,1506.0699
Micronesia,All sectors without LULUCF,561.413,555.063,629.361,728.877
Polynesia,All sectors with LULUCF,224.2085,406.0981,507.2312,684.4559
Polynesia,All sectors without LULUCF,302.7456,368.2965,438.9258,624.4629
European Union (27),All sectors with LULUCF,3328475.818,3137578.987,2538288.623,2413207.369
European Union (27),All sectors without LULUCF,3533579.279,3380569.138,3041858.537,2574572.898
Least Developed Countries,All sectors with LULUCF,1006050.204,1115974.621,1446208.787,1587641.951
Least Developed Countries,All sectors without LULUCF,122223.7204,222154.1623,294299.266,371224.4049
Land Locked Developing Countries,All sectors with LULUCF,726555.0685,874087.3934,962890.7449,1147511.657
Land Locked Developing Countries,All sectors without LULUCF,425088.768,576622.5615,625867.6199,720421.451
Small Island Developing States,All sectors with LULUCF,212771.0573,276055.4141,290473.6116,309955.1122
Small Island Developing States,All sectors without LULUCF,185890.2086,251929.5463,261525.8978,210329.913
Low Income Food Deficit Countries,All sectors with LULUCF,2101324.505,3258670.841,4007760.446,4416691.804
Low Income Food Deficit Countries,All sectors without LULUCF,1527963.851,2370048.563,3067349.33,3317248.232
Net Food Importing Developing Countries,All sectors with LULUCF,2003543.143,2303924.389,2734311.124,2806030.225
Net Food Importing Developing Countries,All sectors without LULUCF,786019.3269,1144164.646,1268229.47,1353347.308
Annex I countries,All sectors with LULUCF,13583244.65,12995816.75,11949080.84,11018450.83
Annex I countries,All sectors without LULUCF,14574620.41,14211229.41,13522212.92,11951347.78
Non-Annex I countries,All sectors with LULUCF,13057308.29,21376660.39,23893391.09,24799335.77
Non-Annex I countries,All sectors without LULUCF,10443787.88,18778707.69,21733211.12,22693645.64
OECD,All sectors with LULUCF,12726372.22,12518548.69,11801178.83,10458203.63
OECD,All sectors without LULUCF,13343282.14,13113906.47,12533005.24,10889190.14
